{
  "project_info": {
    "project_number": "506630411389",
    "firebase_url": "https://chat-cc903.firebaseio.com",
    "project_id": "chat-cc903",
    "storage_bucket": "chat-cc903.appspot.com"
  },
  "client": [
    {
      "client_info": {
        "mobilesdk_app_id": "1:506630411389:android:6f8941317318db5d",
        "android_client_info": {
          "package_name": "com.example.karth.chat"
        }
      },
      "oauth_client": [
        {
          "client_id": "506630411389-r99fuefp9mqlgl917rli6urrul9sf1cv.apps.googleusercontent.com",
          "client_type": 1,
          "android_info": {
            "package_name": "com.example.karth.chat",
            "certificate_hash": "61eb260656635bf5be00c51da11e54aabb2f92ac"
          }
        },
        {
          "client_id": "506630411389-tdo5j128vutshnab6mknp55gvfj9gb3i.apps.googleusercontent.com",
          "client_type": 3
        }
      ],
      "api_key": [
        {
          "current_key": "AIzaSyBrUwlNIeRjzPXcJrZ2-NYfL7aGQ-4Fylk"
        }
      ],
      "services": {
        "analytics_service": {
          "status": 1
        },
        "appinvite_service": {
          "status": 2,
          "other_platform_oauth_client": [
            {
              "client_id": "506630411389-tdo5j128vutshnab6mknp55gvfj9gb3i.apps.googleusercontent.com",
              "client_type": 3
            }
          ]
        },
        "ads_service": {
          "status": 2
        }
      }
    }
  ],
  "configuration_version": "1"
}